9791A681-D647-4D10-9B0D-F5403B48583B,QUD5Adc4f224c8780,241.93,0,49.93,0,0,0,2019-02-25 15:51:10.273,2019-02-25 15:51:09.200,0,0,1.102,192.168.0.106,
9BD6E220-A3B2-4A06-9949-35AB6CB75666,QUD5Adc4f224c8780,242.45,0,49.97,0,0,0,2019-02-25 15:46:08.267,2019-02-25 15:46:07.457,0,0,1.102,192.168.0.106,
29637CF0-E4FE-46F2-9669-A3274D24655E,QUD5Adc4f224c8780,240.85,0,49.94,0,0,0.01,2019-02-25 15:41:05.953,2019-02-25 15:41:05.957,0,0,1.102,192.168.0.106,
52820CFA-7BC7-4294-A631-D7A0786BEB49,QUD5Adc4f224c8780,0,0,0,-6,-5,-6,2019-02-25 15:36:05.613,2019-02-25 15:36:04.930,0,0,1.102,192.168.0.106,
45B25713-C7AA-45C6-8DA2-F01DC0C96376,QUD5Adc4f224c8780,240.31,0,49.98,0.01,0,0.02,2019-02-25 15:31:54.500,2019-02-25 15:31:54.497,0,0,1.102,192.168.0.106,
2302230F-1B55-44C6-8948-4DA603B7A36D,QUD5Adc4f224c8780,241.17,0,50.01,0.01,0,0.02,2019-02-25 15:26:52.977,2019-02-25 15:26:52.903,0,0,1.102,192.168.0.106,
4528A6FA-F00F-4AEF-902D-3833EB992493,QUD5Adc4f224c8780,239.48,0,50.01,0.01,0,0.03,2019-02-25 15:21:51.217,2019-02-25 15:21:51.217,0,0,1.102,192.168.0.106,
B395B870-BEF9-41FB-9A3F-27E55A70DEF8,QUD5Adc4f224c8780,239.23,0,49.97,0.01,0,0.02,2019-02-25 15:16:51.150,2019-02-25 15:16:49.397,0,0,1.102,192.168.0.106,
52A9F66D-5690-4651-8FC5-D3FDB2B4D647,QUD5Adc4f224c8780,0,0,0,-6,-5,-6,2019-02-25 15:11:48.227,2019-02-25 15:11:48.217,0,0,1.102,192.168.0.106,
A968115B-24C1-4935-80DC-B90F60FE4551,QUD5Adc4f224c8780,238.28,0,50,0.01,0,0.02,2019-02-25 15:08:48.410,2019-02-25 15:08:48.387,0,0,1.102,192.168.0.106,
7BB8F2F9-96A6-436F-A0A1-BAA048C75CD3,QUD5Adc4f224c8780,241.23,0,50.01,0.01,0,0.03,2019-02-25 15:03:47.520,2019-02-25 15:03:46.787,0,0,1.102,192.168.0.106,
D570EC59-B243-4868-A7C0-E37ACE9F977D,QUD5Adc4f224c8780,238.52,0,49.95,0.01,0,0.02,2019-02-25 14:58:45.097,2019-02-25 14:58:45.077,0,0,1.102,192.168.0.106,
5434167C-B938-4C32-865F-5E990E198AAC,QUD5Adc4f224c8780,237.19,0,49.93,0.01,0,0.01,2019-02-25 14:53:43.393,2019-02-25 14:53:43.333,0,0,1.102,192.168.0.106,
5A58042A-BE30-4780-8EB7-9E3FC57A9D2B,QUD5Adc4f224c8780,238.2,0,49.99,0.01,0,0.02,2019-02-25 14:48:41.663,2019-02-25 14:48:41.647,0,0,1.102,192.168.0.106,
0A7B47A3-DF19-46D0-82A5-D48375D7730A,QUD5Adc4f224c8780,237.2,0,49.99,0.01,0,0.02,2019-02-25 14:43:39.960,2019-02-25 14:43:39.933,0,0,1.102,192.168.0.106,
25F91033-96C8-455B-906E-75DEF2216DED,QUD5Adc4f224c8780,239.39,0,50,0.01,0,0.01,2019-02-25 14:38:38.577,2019-02-25 14:38:38.173,0,0,1.102,192.168.0.106,
D000F2F1-5B39-45F3-A62B-67D338AFD05D,QUD5Adc4f224c8780,239.17,0,50.01,0.01,0,0.03,2019-02-25 14:33:37.590,2019-02-25 14:33:36.830,0,0,1.102,192.168.0.106,
79B5DDDA-E82A-49DA-9B50-187F3CA00AEB,QUD5Adc4f224c8780,241.72,0,49.97,0.01,0,0.02,2019-02-25 14:28:35.243,2019-02-25 14:28:35.180,0,0,1.102,192.168.0.106,
1B975A0E-4B2E-46BC-96E1-F3AEF88A6E8A,QUD5Adc4f224c8780,241.42,0,49.99,0.01,0,0.03,2019-02-25 14:20:47.020,2019-02-25 14:20:45.770,0,0,1.102,192.168.0.106,
038B93BE-00B9-47BB-B9BC-A30B7DABADAF,QUD5Adc4f224c8780,241.65,0,49.97,0,0,0.01,2019-02-25 14:15:44.277,2019-02-25 14:15:43.913,0,0,1.102,192.168.0.106,
E9C5F61C-275D-4402-8978-C1245D7317AC,QUD5Adc4f224c8780,244.21,0,50.01,0.03,0,0.07,2019-02-25 14:10:42.437,2019-02-25 14:10:42.410,0,0,1.102,192.168.0.106,
4B57A78F-A35C-4D60-BD22-68112020222B,QUD5Adc4f224c8780,246.28,0,50.11,0.06,0,0.17,2019-02-25 14:05:40.633,2019-02-25 14:05:40.620,0,0,1.102,192.168.0.106,
D690E873-FEA7-46B2-87B1-F1C229CD01C6,QUD5Adc4f224c8780,245.1,0,50.02,0.02,0,0.06,2019-02-25 14:00:39.047,2019-02-25 14:00:38.927,0,0,1.102,192.168.0.106,
44DD97DE-4A74-49B7-BC22-AC7AF6966B01,QUD5Adc4f224c8780,245.08,0,50,0.01,0,0.03,2019-02-25 13:55:38.003,2019-02-25 13:55:37.193,0,0,1.102,192.168.0.106,
22920EB5-818E-453D-A4FF-76263D4790A5,QUD5Adc4f224c8780,245.05,0,50.1,0.02,0,0.05,2019-02-25 13:50:35.433,2019-02-25 13:50:35.403,0,0,1.102,192.168.0.106,
01D15084-724A-4EE3-BB4C-1CB625267EE8,QUD5Adc4f224c8780,244.4,0,50.06,0.02,0,0.05,2019-02-25 13:45:33.830,2019-02-25 13:45:33.810,0,0,1.102,192.168.0.106,
D2C9DE82-52F8-4C10-89C0-1B25C4FA9815,QUD5Adc4f224c8780,246.99,0,49.97,0.02,0,0.04,2019-02-25 13:40:32.830,2019-02-25 13:40:32.157,0,0,1.102,192.168.0.106,
2D0AC69A-DEAB-436E-A5C0-7CA3B5538979,QUD5Adc4f224c8780,244.89,0,50.05,0.02,0,0.05,2019-02-25 13:35:12.767,2019-02-25 13:35:12.023,0,0,1.102,192.168.0.106,
4E3C4780-58BD-433F-AB8F-33269129838F,QUD5Adc4f224c8780,245.43,0,50.07,0.16,0,0.31,2019-02-25 13:30:10.993,2019-02-25 13:30:10.560,0,0,1.102,192.168.0.106,
3196DF80-C4B1-47FA-8883-24F10A64F1D8,QUD5Adc4f224c8780,228.26,0,50.25,0.16,0,0.3,2019-02-25 13:25:10.323,2019-02-25 13:25:08.890,0,0,1.102,192.168.0.106,
B12272A7-E67C-4160-94BA-E7E638CDBE83,QUD5Adc4f224c8780,233.58,0,50.39,0.18,0,0.37,2019-02-25 13:20:07.430,2019-02-25 13:20:07.417,0,0,1.102,192.168.0.106,
54C586DF-C00F-4F2C-B6AB-69F3F65C8A00,QUD5Adc4f224c8780,234.44,0,50.26,0.19,0,0.4,2019-02-25 13:15:07.327,2019-02-25 13:15:05.890,0,0,1.102,192.168.0.106,
A4B62A43-2556-4C9F-A055-73071386E1E1,QUD5Adc4f224c8780,234.84,0,50.28,0.15,0,0.34,2019-02-25 13:10:04.803,2019-02-25 13:10:03.700,0,0,1.102,192.168.0.106,
AB4E4AD6-F1CE-4D83-9701-D5E864C13D7F,QUD5Adc4f224c8780,236.77,0,50.25,0.19,0,0.38,2019-02-25 13:05:03.673,2019-02-25 13:05:02.440,0,0,1.102,192.168.0.106,
DFF08085-1A88-4741-9365-3E0886358325,QUD5Adc4f224c8780,234.1,0,50.28,0.18,0,0.35,2019-02-25 13:00:00.893,2019-02-25 13:00:00.873,0,0,1.102,192.168.0.106,
8DCBD348-8248-4E41-8EE4-AD35A99AEF49,QUD5Adc4f224c8780,230.85,0,50.39,0.13,0,0.27,2019-02-25 12:54:59.513,2019-02-25 12:54:59.277,0,0,1.102,192.168.0.106,
8E3CECE9-0955-4601-9F4D-5E88DBF72EE1,QUD5Adc4f224c8780,232.17,0.13,50.26,0.02,0,0.03,2019-02-25 12:49:58.080,2019-02-25 12:49:58.050,0,0,1.102,192.168.0.106,
8065676C-5253-4630-87B6-5F88CADEE196,QUD5Adc4f224c8780,237.64,0,50.33,0.09,0,0.16,2019-02-25 12:49:54.143,2019-02-25 12:49:54.120,1,0,1.102,192.168.0.106,
2D4B39AA-258A-4A0E-AABE-A129970F4FD4,QUD5Adc4f224c8780,0,0,0,-6,-5,-6,2019-02-25 12:47:29.560,2019-02-25 12:47:29.533,0,0,1.102,192.168.0.106,
F903B8FA-509D-4894-9EDA-080B1441B8CA,QUD5Adc4f224c8780,233.87,0.1,50.38,0.36,0,0.42,2019-02-25 12:41:23.857,2019-02-25 12:41:23.473,1,0,1.102,192.168.0.106,
D7C8897F-64AB-4098-8A44-D001E07EA60E,QUD5Adc4f224c8780,234.64,0.11,50.39,0.36,0,0.44,2019-02-25 12:40:23.327,2019-02-25 12:40:23.293,1,0,1.102,192.168.0.106,
4F2B09C8-ACB6-4BA4-A6C8-EC01F359F933,QUD5Adc4f224c8780,233.36,0.11,50.32,0.36,0,0.43,2019-02-25 12:39:23.937,2019-02-25 12:39:23.103,1,0,1.102,192.168.0.106,
290B1C88-6FCA-49A0-B9E3-EFB3EB5CAE16,QUD5Adc4f224c8780,236.35,0.11,50.39,0.36,0,0.43,2019-02-25 12:38:23.873,2019-02-25 12:38:22.920,1,0,1.102,192.168.0.106,
944CA63B-CB8F-495D-8AB4-465BAFE36794,QUD5Adc4f224c8780,236.22,0.12,50.2,0.37,0,0.44,2019-02-25 12:37:23.623,2019-02-25 12:37:22.747,1,0,1.102,192.168.0.106,
976D9F55-307A-4F07-9A2B-C5320196556F,QUD5Adc4f224c8780,237.24,0.11,50.37,0.37,0,0.43,2019-02-25 12:36:23.013,2019-02-25 12:36:22.533,1,0,1.102,192.168.0.106,
D1B3B29D-2D93-4A7A-B84C-51837885B123,QUD5Adc4f224c8780,237.04,0.11,50.27,0.37,0,0.44,2019-02-25 12:35:22.963,2019-02-25 12:35:22.347,1,0,1.102,192.168.0.106,
E793545C-2818-4636-930B-B8D60F329988,QUD5Adc4f224c8780,237.58,0.1,50.39,0.37,0,0.43,2019-02-25 12:34:22.797,2019-02-25 12:34:22.147,1,0,1.102,192.168.0.106,
DF8E1DCA-25DB-4DF9-A71D-3E93846EA2FB,QUD5Adc4f224c8780,237.48,0.1,50.25,0.36,0,0.42,2019-02-25 12:33:22.057,2019-02-25 12:33:21.967,1,0,1.102,192.168.0.106,
1F30D1C8-0D39-486E-BB25-850B989F2EC9,QUD5Adc4f224c8780,236.86,0.1,50.34,0.39,0,0.55,2019-02-25 12:32:22.293,2019-02-25 12:32:21.777,1,0,1.102,192.168.0.106,
0E8CEC9C-9EFE-48AC-AEC3-6D86329DC2F3,QUD5Adc4f224c8780,237.59,0.13,50.26,0.37,0,0.44,2019-02-25 12:31:22.617,2019-02-25 12:31:21.607,1,0,1.102,192.168.0.106,
25B695AA-4CA7-4702-9DC1-CA1428555B4C,QUD5Adc4f224c8780,236.97,0.11,50.29,0.36,0,0.42,2019-02-25 12:30:22.433,2019-02-25 12:30:21.430,1,0,1.102,192.168.0.106,
82303181-5C34-43B6-ADFF-253699090329,QUD5Adc4f224c8780,236.59,0.1,50.4,0.38,0,0.53,2019-02-25 12:29:22.310,2019-02-25 12:29:21.233,1,0,1.102,192.168.0.106,
E5678AB3-6F55-49CE-A983-FFA65410DFD5,QUD5Adc4f224c8780,236.66,0.22,50.26,0.44,0,0.88,2019-02-25 12:28:22.227,2019-02-25 12:28:21.073,1,0,1.102,192.168.0.106,
E58C29CA-0126-4116-95C1-84089B090388,QUD5Adc4f224c8780,236.03,0.25,50.34,0.37,0,0.46,2019-02-25 12:27:21.360,2019-02-25 12:27:20.993,1,0,1.102,192.168.0.106,
28315CA5-F5D7-4EA6-9AB9-5AF76ADC0076,QUD5Adc4f224c8780,234.28,0.13,50.33,0.36,0,0.42,2019-02-25 12:26:21.130,2019-02-25 12:26:20.820,1,0,1.102,192.168.0.106,
65574AA0-AC81-455F-A164-6C7987C71378,QUD5Adc4f224c8780,234.51,0.11,50.34,0.36,0,0.42,2019-02-25 12:25:20.877,2019-02-25 12:25:20.627,1,0,1.102,192.168.0.106,
1F120F95-5345-43D4-9F69-AA4FF1A976A2,QUD5Adc4f224c8780,234.62,0.11,50.33,0.36,0,0.42,2019-02-25 12:24:20.457,2019-02-25 12:24:20.417,1,0,1.102,192.168.0.106,
66F9B050-4A9B-449F-90E7-9650327DF34D,QUD5Adc4f224c8780,234.52,0.11,50.27,0.36,0,0.42,2019-02-25 12:23:21.257,2019-02-25 12:23:20.243,1,0,1.102,192.168.0.106,
3C279EA8-5E01-4B73-9A4A-EF8C4F2BE549,QUD5Adc4f224c8780,234.02,0.1,50.32,0.36,0,0.41,2019-02-25 12:22:21.053,2019-02-25 12:22:20.047,1,0,1.102,192.168.0.106,
E4A65545-08EC-4A37-A474-D7BA059F6E8D,QUD5Adc4f224c8780,234.45,0.1,50.48,0.36,0,0.42,2019-02-25 12:21:20.090,2019-02-25 12:21:19.847,1,0,1.102,192.168.0.106,
3C3A59D0-9235-4EA8-A509-67BED8523E0C,QUD5Adc4f224c8780,234.3,0.11,50.3,0.36,0,0.43,2019-02-25 12:20:19.843,2019-02-25 12:20:19.677,1,0,1.102,192.168.0.106,
5E4335CA-52DC-4989-B479-E111EAFAA60D,QUD5Adc4f224c8780,234.64,0.11,50.43,0.36,0,0.41,2019-02-25 12:19:19.690,2019-02-25 12:19:19.487,1,0,1.102,192.168.0.106,
CB3F7109-7FC3-4E84-9332-CA4C71CD90AD,QUD5Adc4f224c8780,233.78,0.1,50.26,0.36,0,0.42,2019-02-25 12:18:19.470,2019-02-25 12:18:19.297,1,0,1.102,192.168.0.106,
ECEB89CD-0549-4E7E-BA6C-A6C4CFB1A13A,QUD5Adc4f224c8780,234.12,0.1,50.39,0.36,0,0.42,2019-02-25 12:17:19.243,2019-02-25 12:17:19.127,1,0,1.102,192.168.0.106,
24ED30C7-7447-4462-8395-00AE1AF8F73C,QUD5Adc4f224c8780,233.38,0.11,50.4,0.36,0,0.42,2019-02-25 12:16:19.953,2019-02-25 12:16:19.020,1,0,1.102,192.168.0.106,
AD14AD6D-8BA4-4639-9011-E3A577FB27C6,QUD5Adc4f224c8780,233.39,0.1,50.28,0.36,0,0.42,2019-02-25 12:15:19.753,2019-02-25 12:15:18.980,1,0,1.102,192.168.0.106,
104748D1-7CD8-427D-AAB8-5EB94A47158D,QUD5Adc4f224c8780,233.09,0.1,50.34,0.36,0,0.42,2019-02-25 12:14:19.590,2019-02-25 12:14:18.950,1,0,1.102,192.168.0.106,
B182CE1F-90E1-4255-930F-AB585BB3B858,QUD5Adc4f224c8780,233.16,0.15,50.41,0.36,0,0.43,2019-02-25 12:13:19.480,2019-02-25 12:13:18.907,1,0,1.102,192.168.0.106,
3E94D4CD-C2F2-49D6-92E2-7FBF1A01B13E,QUD5Adc4f224c8780,233.22,0.11,50.28,0.36,0,0.43,2019-02-25 12:12:18.897,2019-02-25 12:12:18.883,1,0,1.102,192.168.0.106,
63028911-A9C9-4D48-8D75-13BFFD943DB8,QUD5Adc4f224c8780,233.14,0.11,50.42,0.36,0,0.42,2019-02-25 12:11:18.870,2019-02-25 12:11:18.847,1,0,1.102,192.168.0.106,
0F72D501-7F0C-452E-A810-D9271D7A7EB2,QUD5Adc4f224c8780,234.06,0.11,50.24,0.36,0,0.42,2019-02-25 12:10:18.837,2019-02-25 12:10:18.720,1,0,1.102,192.168.0.106,
0A8645D0-2D33-402C-9839-DC22FB77DD5A,QUD5Adc4f224c8780,233.3,0.12,50.24,0.36,0,0.42,2019-02-25 12:09:18.853,2019-02-25 12:09:18.587,1,0,1.102,192.168.0.106,
8C724DA7-D798-48EF-9A27-DF2F8B0A184B,QUD5Adc4f224c8780,233.24,0.11,50.47,0.36,0,0.42,2019-02-25 12:08:18.657,2019-02-25 12:08:18.553,1,0,1.102,192.168.0.106,
CD2176F3-8A92-4FF3-821F-BB52E86E3ABF,QUD5Adc4f224c8780,233.49,0.1,50.24,0.36,0,0.42,2019-02-25 12:07:19.563,2019-02-25 12:07:18.393,1,0,1.102,192.168.0.106,
477EAB65-4A5D-4619-8950-24050425B50A,QUD5Adc4f224c8780,233.34,0.1,50.28,0.36,0,0.43,2019-02-25 12:06:18.240,2019-02-25 12:06:18.213,1,0,1.102,192.168.0.106,
D9D2D91F-CD12-4706-A217-1D0D3F53A51B,QUD5Adc4f224c8780,233.09,0.12,50.3,0.36,0,0.42,2019-02-25 12:05:19.210,2019-02-25 12:05:18.027,1,0,1.102,192.168.0.106,
D0789F72-6498-47EE-8D50-F9E56DEC0938,QUD5Adc4f224c8780,232.18,0.11,50.39,0.36,0,0.43,2019-02-25 12:04:18.980,2019-02-25 12:04:17.827,1,0,1.102,192.168.0.106,
BA391AA0-0937-4D84-9EEB-200AEE4C69B2,QUD5Adc4f224c8780,232.52,0.1,50.28,0.36,0,0.42,2019-02-25 12:03:18.857,2019-02-25 12:03:17.650,1,0,1.102,192.168.0.106,
A8924FA3-746A-4A34-B3AB-B77DC173451D,QUD5Adc4f224c8780,232.41,0.11,50.3,0.36,0,0.42,2019-02-25 12:02:18.603,2019-02-25 12:02:17.467,1,0,1.102,192.168.0.106,
BC06F463-4498-4F25-9DB0-22EBFF026EFA,QUD5Adc4f224c8780,233.21,0.11,50.29,0.71,0,0.95,2019-02-25 12:01:17.350,2019-02-25 12:01:17.267,1,0,1.102,192.168.0.106,
5F92F1A7-1380-4CE0-AE1A-0B45FFE596C0,QUD5Adc4f224c8780,232.35,0.11,50.38,0.36,0,0.43,2019-02-25 11:59:23.067,2019-02-25 11:59:22.027,1,0,1.102,192.168.0.106,
542C5874-E591-45F7-AE3B-5252A6BDE791,QUD5Adc4f224c8780,233.1,0.11,50.28,0.38,0,0.56,2019-02-25 11:58:21.903,2019-02-25 11:58:21.887,1,0,1.102,192.168.0.106,
3B2CC0C8-E498-47FD-95F2-1C8AC5C43054,QUD5Adc4f224c8780,232.46,0.11,50.37,0.36,0,0.43,2019-02-25 11:57:21.680,2019-02-25 11:57:21.650,1,0,1.102,192.168.0.106,
B713BE0A-10D7-4DC3-923D-518A8F9B7AFF,QUD5Adc4f224c8780,232.2,0.11,50.24,0.36,0,0.42,2019-02-25 11:56:21.507,2019-02-25 11:56:21.480,1,0,1.102,192.168.0.106,
BA5E892A-0872-4916-974E-654AFC96CFB8,QUD5Adc4f224c8780,231.93,0.11,50.4,0.36,0,0.43,2019-02-25 11:55:22.117,2019-02-25 11:55:21.293,1,0,1.102,192.168.0.106,
C8976553-46A7-4392-917B-1749EA8141EA,QUD5Adc4f224c8780,232.51,0.22,50.45,0.36,0,0.45,2019-02-25 11:54:21.977,2019-02-25 11:54:21.110,1,0,1.102,192.168.0.106,
22AC5AF8-D539-491B-9002-C593C0C1D19F,QUD5Adc4f224c8780,232.73,0.11,50.29,0.36,0,0.43,2019-02-25 11:53:21.907,2019-02-25 11:53:20.877,1,0,1.102,192.168.0.106,
78B623EC-9FF9-4791-ACDE-10CE0E43DE50,QUD5Adc4f224c8780,232.02,0.11,50.28,0.36,0,0.43,2019-02-25 11:52:20.703,2019-02-25 11:52:20.673,1,0,1.102,192.168.0.106,
2E4EE5F6-6162-4FA1-9FAF-C31A8C7E16E0,QUD5Adc4f224c8780,232.23,0.13,50.38,0.36,0,0.43,2019-02-25 11:51:20.777,2019-02-25 11:51:20.450,1,0,1.102,192.168.0.106,
E84B6F5A-C53A-47B4-A3C5-72630C884B09,QUD5Adc4f224c8780,233.03,0.11,50.29,0.37,0,0.49,2019-02-25 11:50:20.523,2019-02-25 11:50:20.257,1,0,1.102,192.168.0.106,
172F0F6C-54D0-48EA-8515-3365D13709EB,QUD5Adc4f224c8780,232.97,0.11,50.34,0.36,0,0.43,2019-02-25 11:49:20.250,2019-02-25 11:49:20.080,1,0,1.102,192.168.0.106,
27B1F22A-A950-43C9-A215-ABBD143E3F40,QUD5Adc4f224c8780,231.48,0.11,50.35,0.36,0,0.42,2019-02-25 11:48:20.167,2019-02-25 11:48:19.887,1,0,1.102,192.168.0.106,
CB4E56A3-FC8E-4BCD-B18F-F98FC01C9A0C,QUD5Adc4f224c8780,232.33,0.12,50.4,0.36,0,0.43,2019-02-25 11:47:19.960,2019-02-25 11:47:19.707,1,0,1.102,192.168.0.106,
111EC891-54C0-4DA0-BE30-DDB4F2949A2E,QUD5Adc4f224c8780,231.55,0.11,50.44,0.36,0,0.43,2019-02-25 11:46:19.757,2019-02-25 11:46:19.387,1,0,1.102,192.168.0.106,
48A6A71C-63B4-4F37-969B-33D4A93DBD1C,QUD5Adc4f224c8780,233.12,0.11,50.25,0.36,0,0.42,2019-02-25 11:45:20.607,2019-02-25 11:45:19.187,1,0,1.102,192.168.0.106,
9C15C405-FA8C-45AB-B17E-0AB48926DDBC,QUD5Adc4f224c8780,233.69,0.11,50.42,0.36,0,0.42,2019-02-25 11:44:19.587,2019-02-25 11:44:19.010,1,0,1.102,192.168.0.106,
FCFFE9A9-70AD-4261-829A-F4780EABE4AE,QUD5Adc4f224c8780,232.33,0.12,50.31,0.36,0,0.43,2019-02-25 11:43:19.130,2019-02-25 11:43:18.897,1,0,1.102,192.168.0.106,
5B717726-032A-4762-B9FA-8BC20DFBC1B8,QUD5Adc4f224c8780,232.35,0.11,50.26,0.36,0,0.43,2019-02-25 11:42:18.700,2019-02-25 11:42:18.673,1,0,1.102,192.168.0.106,
DA006AAC-4E4F-4F5F-BC0E-F7422905B7FF,QUD5Adc4f224c8780,233.67,0.12,50.39,0.36,0,0.43,2019-02-25 11:41:19.137,2019-02-25 11:41:18.480,1,0,1.102,192.168.0.106,
6A7F4A7D-3000-4ADB-89A1-8CDADD376CD6,QUD5Adc4f224c8780,233.78,0.11,50.24,0.36,0,0.43,2019-02-25 11:40:19.047,2019-02-25 11:40:18.300,1,0,1.102,192.168.0.106,
9EFD5A93-F0AE-48B7-BE83-09E36E38E115,QUD5Adc4f224c8780,234.1,0.11,50.41,0.36,0,0.43,2019-02-25 11:39:18.123,2019-02-25 11:39:18.107,1,0,1.102,192.168.0.106,
D6A7A8F5-1197-4154-95B9-C5BBD26B81E4,QUD5Adc4f224c8780,233.46,0.11,50.26,0.36,0,0.43,2019-02-25 11:38:18.837,2019-02-25 11:38:17.893,1,0,1.102,192.168.0.106,
96624FF9-DEF9-4727-8120-4F9D24C15B25,QUD5Adc4f224c8780,233.97,0.11,50.4,0.37,0,0.43,2019-02-25 11:37:17.727,2019-02-25 11:37:17.707,1,0,1.102,192.168.0.106,
D766E168-E503-4C4B-9BC8-4ADC867131C8,QUD5Adc4f224c8780,234.18,0.1,50.25,0.36,0,0.44,2019-02-25 11:36:18.383,2019-02-25 11:36:17.527,1,0,1.102,192.168.0.106,
7BD6B699-6A7A-4767-ACE7-58E1A6B339B5,QUD5Adc4f224c8780,232.03,0.12,50.39,0.36,0,0.43,2019-02-25 11:35:17.363,2019-02-25 11:35:17.347,1,0,1.102,192.168.0.106,
F2C52C3E-5FA3-4BB0-B175-B0F8A236D91D,QUD5Adc4f224c8780,232.66,0.11,50.29,0.37,0,0.45,2019-02-25 11:34:17.160,2019-02-25 11:34:17.150,1,0,1.102,192.168.0.106,
5AD2BEB4-A629-4607-995E-0D44C7889888,QUD5Adc4f224c8780,232.07,0.13,50.4,0.39,0,0.47,2019-02-25 11:33:16.987,2019-02-25 11:33:16.957,1,0,1.102,192.168.0.106,
A74F62FC-18CF-4DFD-AEA7-D471EA78530C,QUD5Adc4f224c8780,233.63,0.14,50.31,0.43,0,0.5,2019-02-25 11:32:17.600,2019-02-25 11:32:16.780,1,0,1.102,192.168.0.106,
95472768-96DB-4F1C-92B3-CF9C657F1E46,QUD5Adc4f224c8780,235.96,0,50.47,0.06,0,0.12,2019-02-25 11:31:16.927,2019-02-25 11:31:16.660,1,0,1.102,192.168.0.106,
7FC771A5-5808-417C-BA89-2AD9FD89D04C,QUD5Adc4f224c8780,233.72,0,50.29,0.01,0,0.02,2019-02-25 11:29:35.207,2019-02-25 11:29:35.190,0,0,1.102,192.168.0.106,
31B1006D-E6E7-4A3A-931A-262C61E86863,QUD5Adc4f224c8780,236.44,0,50.33,0.02,0,0.06,2019-02-25 11:29:16.757,2019-02-25 11:29:16.467,1,0,1.102,192.168.0.106,
34FF994F-6D6B-416E-9536-19259BED3B65,QUD5Adc4f224c8780,237.61,0,50.37,0.04,0,0.08,2019-02-25 11:28:17.743,2019-02-25 11:28:16.417,1,0,1.102,192.168.0.106,
891EA10A-1894-4791-A55C-C6C3874A4D21,QUD5Adc4f224c8780,237.37,0,50.23,0.47,0,0.53,2019-02-25 11:27:17.530,2019-02-25 11:27:16.220,1,0,1.102,192.168.0.106,
3EFBAFD5-248C-4071-B4F5-F032BED07F6A,QUD5Adc4f224c8780,231.74,0.23,50.39,0.82,0,0.89,2019-02-25 11:26:17.347,2019-02-25 11:26:16.050,1,0,1.102,192.168.0.106,
FD858C3E-23E5-4A1E-8882-380BDFD6AE0C,QUD5Adc4f224c8780,232.26,0.23,50.24,0.83,0,0.89,2019-02-25 11:25:17.147,2019-02-25 11:25:15.857,1,0,1.102,192.168.0.106,
FDC83C38-301B-4F6F-B619-B37E0C387CD6,QUD5Adc4f224c8780,232.14,0.23,50.3,0.83,0,0.89,2019-02-25 11:24:16.887,2019-02-25 11:24:15.680,1,0,1.102,192.168.0.106,
75ABC355-A48F-4168-A432-444A5D1CD64A,QUD5Adc4f224c8780,232.2,0.24,50.33,0.83,0,0.9,2019-02-25 11:23:15.497,2019-02-25 11:23:15.477,1,0,1.102,192.168.0.106,
3C6838C3-10A1-4008-82A7-1980E3BE9698,QUD5Adc4f224c8780,231.25,0.24,50.23,0.83,0,0.91,2019-02-25 11:22:15.313,2019-02-25 11:22:15.297,1,0,1.102,192.168.0.106,
A6330F5A-55D3-4A1B-9D96-EC9ED7350139,QUD5Adc4f224c8780,231.45,0.23,50.34,0.83,0,0.9,2019-02-25 11:21:15.140,2019-02-25 11:21:15.117,1,0,1.102,192.168.0.106,
67EA7997-A318-4A4B-B8B7-3122C312D01F,QUD5Adc4f224c8780,231.3,0.23,50.27,0.82,0,0.91,2019-02-25 11:20:14.950,2019-02-25 11:20:14.927,1,0,1.102,192.168.0.106,
B4D7E4C1-A354-4288-BDC0-CA0E37E65545,QUD5Adc4f224c8780,231.97,0.24,50.36,0.83,0,0.91,2019-02-25 11:19:15.867,2019-02-25 11:19:14.743,1,0,1.102,192.168.0.106,
2BDF85E2-FD64-43D7-829D-36AE975EDA4A,QUD5Adc4f224c8780,231.5,0.23,50.28,0.83,0,0.91,2019-02-25 11:18:15.660,2019-02-25 11:18:14.563,1,0,1.102,192.168.0.106,
EC62AADA-3DB4-4FB1-98D9-804375F60349,QUD5Adc4f224c8780,230.61,0.23,50.48,0.83,0,0.91,2019-02-25 11:17:15.453,2019-02-25 11:17:14.380,1,0,1.102,192.168.0.106,
2C107DB2-4574-49C1-B837-F9D7E9CD777E,QUD5Adc4f224c8780,231.85,0.25,50.26,0.84,0,0.92,2019-02-25 11:16:14.277,2019-02-25 11:16:14.190,1,0,1.102,192.168.0.106,
2CB4B4A1-EB21-40EE-9A0C-8FCA1F48C473,QUD5Adc4f224c8780,232.17,0.24,50.39,0.84,0,0.92,2019-02-25 11:15:15.030,2019-02-25 11:15:14.003,1,0,1.102,192.168.0.106,
E414986B-4691-42CC-8EA8-49EAB5193CCB,QUD5Adc4f224c8780,233.17,0.23,50.29,0.84,0,0.93,2019-02-25 11:14:14.840,2019-02-25 11:14:13.827,1,0,1.102,192.168.0.106,
D8680AB0-2A59-4D54-8517-90A70A97AC3C,QUD5Adc4f224c8780,233.19,0.26,50.37,1.46,0,1.61,2019-02-25 11:13:14.770,2019-02-25 11:13:13.647,1,0,1.102,192.168.0.106,
2919A628-2C78-4B18-9350-F21403F33F9A,QUD5Adc4f224c8780,231.83,0.23,50.35,0.85,0,0.93,2019-02-25 11:11:29.160,2019-02-25 11:11:29.147,1,0,1.102,192.168.0.106,
8C7EAF48-98E1-48E2-8C1B-532A1A88F709,QUD5Adc4f224c8780,232.06,0.24,50.31,0.85,0,0.95,2019-02-25 11:10:30.390,2019-02-25 11:10:28.957,1,0,1.102,192.168.0.106,
A66BC3B5-3D96-4FB2-B2B3-3959DBC221C0,QUD5Adc4f224c8780,232.82,0.23,50.38,0.16,0,0.18,2019-02-25 11:09:29.460,2019-02-25 11:09:28.730,1,0,1.102,192.168.0.106,
CA8AA3BC-8277-4CFB-98E2-EBD5113C98A6,QUD5Adc4f224c8780,239.43,0,50.31,0.2,0.03,0.77,2019-02-25 11:09:18.307,2019-02-25 11:09:17.627,1,0,1.102,192.168.0.106,
3D4E8683-8BF3-4081-8D36-FA442EDAED0D,QUD5Adc4f224c8780,239.56,0,50.4,0.28,0.06,1.22,2019-02-25 11:05:19.653,2019-02-25 11:05:19.280,0,0,1.102,192.168.0.106,
61E7A8BD-69FD-4706-BF78-B8416A924A86,QUD5Adc4f224c8780,233.53,0.23,50.26,0.1,0,0.11,2019-02-25 11:00:18.017,2019-02-25 11:00:17.693,0,0,1.102,192.168.0.106,
F35A213B-5E92-4506-95FA-661E9A24F4F6,QUD5Adc4f224c8780,234.67,0.24,50.4,0.85,0,0.95,2019-02-25 11:00:11.713,2019-02-25 11:00:10.480,1,0,1.102,192.168.0.106,
8A42E3CA-0871-46FA-94E8-249BD4875BD0,QUD5Adc4f224c8780,232.76,0.24,50.33,0.86,0,0.96,2019-02-25 10:59:11.543,2019-02-25 10:59:10.253,1,0,1.102,192.168.0.106,
8817FCFA-4EEC-480E-9701-B009D2550631,QUD5Adc4f224c8780,234.03,0.25,50.32,0.86,0,0.95,2019-02-25 10:58:10.080,2019-02-25 10:58:10.050,1,0,1.102,192.168.0.106,
32AAB9A5-C78C-40BA-87A2-40FC4EB2D780,QUD5Adc4f224c8780,234.03,0.26,50.33,0.86,0,0.96,2019-02-25 10:57:09.887,2019-02-25 10:57:09.880,1,0,1.102,192.168.0.106,
D4028289-1D0C-4DC4-94BA-B0A00F692728,QUD5Adc4f224c8780,234.23,0.24,50.38,0.86,0,0.95,2019-02-25 10:56:10.003,2019-02-25 10:56:09.697,1,0,1.102,192.168.0.106,
6EB36AC7-335D-43BD-B0EA-C843B2E7BE81,QUD5Adc4f224c8780,234.28,0.25,50.24,0.87,0,0.97,2019-02-25 10:55:09.527,2019-02-25 10:55:09.507,1,0,1.102,192.168.0.106,
B0ED829F-1D22-4678-B1E3-CA58B67AE8EC,QUD5Adc4f224c8780,231.84,0.24,50.44,0.9,0,1.06,2019-02-25 10:54:09.350,2019-02-25 10:54:09.333,1,0,1.102,192.168.0.106,
1A469978-5A12-4852-B890-F5E253602D2C,QUD5Adc4f224c8780,233.24,0.23,50.41,0.2,0,0.62,2019-02-25 10:53:09.720,2019-02-25 10:53:09.157,1,0,1.102,192.168.0.106,
8FB370E7-E6C6-4D4C-BCDF-8B196ED1B82C,QUD5Adc4f224c8780,231.78,0.36,50.32,0.22,0,0.25,2019-02-25 10:49:43.400,2019-02-25 10:49:42.787,0,0,1.102,192.168.0.106,
0A63D671-4BB8-4DD8-A4C3-511770A58E1D,QUD5Adc4f224c8780,232.76,0.3,50.38,1.01,0,1.15,2019-02-25 10:49:29.567,2019-02-25 10:49:29.540,1,0,1.102,192.168.0.106,
DF32D76E-0050-41B1-B931-30EFA73EC6D2,QUD5Adc4f224c8780,230.88,0.31,50.57,1.02,0,1.15,2019-02-25 10:48:29.377,2019-02-25 10:48:29.370,1,0,1.102,192.168.0.106,
CA948A0E-01F7-4560-9541-2D27A47EC8F8,QUD5Adc4f224c8780,231.83,0.3,50.22,1.01,0,1.15,2019-02-25 10:47:30.340,2019-02-25 10:47:29.177,1,0,1.102,192.168.0.106,
C501F492-98B1-4E1D-A3D6-18B0D79A8AC4,QUD5Adc4f224c8780,228.88,0.3,50.36,1.01,0,1.17,2019-02-25 10:46:29.020,2019-02-25 10:46:29.003,1,0,1.102,192.168.0.106,
D0220589-E3DF-44E9-B704-2B19D79509D8,QUD5Adc4f224c8780,229.42,0.3,50.29,1.01,0,1.16,2019-02-25 10:45:28.833,2019-02-25 10:45:28.807,1,0,1.102,192.168.0.106,
0775B4AA-7245-43B4-98F1-868B8312099B,QUD5Adc4f224c8780,230.93,0.3,50.36,1.02,0,1.17,2019-02-25 10:44:28.653,2019-02-25 10:44:28.627,1,0,1.102,192.168.0.106,
534877B8-A687-4F7E-8088-3C85C4C51ABA,QUD5Adc4f224c8780,229.44,0.3,50.3,1.02,0,1.17,2019-02-25 10:43:28.510,2019-02-25 10:43:28.440,1,0,1.102,192.168.0.106,
E2244CCD-1856-4109-A047-854D7AB8C33B,QUD5Adc4f224c8780,232.47,0.3,50.33,1.03,0,1.18,2019-02-25 10:42:29.453,2019-02-25 10:42:28.263,1,0,1.102,192.168.0.106,
AF510F28-0A89-4B09-AC09-C02D86C196DB,QUD5Adc4f224c8780,232.64,0.3,50.34,1,0,1.15,2019-02-25 10:41:29.057,2019-02-25 10:41:28.090,1,0,1.102,192.168.0.106,
3ACA2E7F-D92F-415A-8C42-61D5F948ABCA,QUD5Adc4f224c8780,236.19,0,50.28,0.05,0,0.12,2019-02-25 10:40:28.987,2019-02-25 10:40:27.900,1,0,1.102,192.168.0.106,
678A9A2C-273D-4E76-918E-F7D8A0BAE9EE,QUD5Adc4f224c8780,235.91,0,50.43,0.04,0,0.12,2019-02-25 10:39:28.747,2019-02-25 10:39:27.717,1,0,1.102,192.168.0.106,
63D1B2BE-1727-4270-9567-23A89588D570,QUD5Adc4f224c8780,237.68,0,50.21,0.05,0,0.13,2019-02-25 10:38:28.653,2019-02-25 10:38:27.540,1,0,1.102,192.168.0.106,
A5A6AE33-1B17-41AC-B4C4-332BEBC40988,QUD5Adc4f224c8780,236.89,0,50.3,0.05,0,0.15,2019-02-25 10:37:27.463,2019-02-25 10:37:27.347,1,0,1.102,192.168.0.106,
B9ABA336-44D9-43E3-AA8A-81410A8FDDEC,QUD5Adc4f224c8780,236.02,0,50.38,0.11,0,0.33,2019-02-25 10:36:28.127,2019-02-25 10:36:27.170,1,0,1.102,192.168.0.106,
8FD4B948-D310-45F5-94D2-A780F2DAF9EC,QUD5Adc4f224c8780,236.17,0,50.31,0.26,0,0.76,2019-02-25 10:34:15.210,2019-02-25 10:34:15.197,0,0,1.102,192.168.0.106,
65B88ED1-CE71-4EBD-BDD5-EC93F91FA8D7,QUD5Adc4f224c8780,237.39,0,50.11,0.28,0,0.82,2019-02-25 10:29:13.857,2019-02-25 10:29:13.520,0,0,1.102,192.168.0.106,
557562EC-1FD4-482E-BD6D-39072A3A7666,QUD5Adc4f224c8780,239.32,0,50.02,0.01,0,0.05,2019-02-25 10:21:25.517,2019-02-25 10:21:25.500,0,0,1.102,192.168.0.106,
C22EE905-6015-42A5-A3D7-3528C8425B59,QUD5Adc4f224c8780,240.22,0,49.91,0.03,0,0.12,2019-02-25 10:16:24.163,2019-02-25 10:16:23.783,0,0,1.102,192.168.0.106,
16336ED0-972E-433F-AD2D-6710CC9C9D43,QUD5Adc4f224c8780,236.09,0,49.95,0.14,0,0.49,2019-02-25 10:11:22.877,2019-02-25 10:11:22.103,0,0,1.102,192.168.0.106,
5E2B19E9-6A6A-413A-BBF0-2BF81A5C9226,QUD5Adc4f224c8780,238.08,0,49.9,0.02,0,0.07,2019-02-25 10:06:19.443,2019-02-25 10:06:19.437,0,0,1.102,192.168.0.106,
EE5DFE26-A32F-4D18-B279-4C44FE52B6E1,QUD5Adc4f224c8780,238.56,0,50.08,0.04,0,0.14,2019-02-25 10:01:17.780,2019-02-25 10:01:17.767,0,0,1.102,192.168.0.106,
40746194-F81A-4E8D-BCF6-B3E459274E38,QUD5Adc4f224c8780,238.44,0,50.08,0.01,0,0.03,2019-02-25 09:56:16.127,2019-02-25 09:56:16.113,0,0,1.102,192.168.0.106,
E5089F2F-A4FF-47C2-A3F6-0CF9BE09FB0F,QUD5Adc4f224c8780,238.49,0.03,50.01,0.02,0,0.05,2019-02-25 09:51:14.517,2019-02-25 09:51:14.467,0,0,1.102,192.168.0.106,
DA2BC658-547C-4FA8-AF2D-EE75801BD9C9,QUD5Adc4f224c8780,236.43,0,49.99,0.02,0,0.07,2019-02-25 09:46:12.917,2019-02-25 09:46:12.827,0,0,1.102,192.168.0.106,
53E75094-F458-4AB6-9D97-4F68E2370E6A,QUD5Adc4f224c8780,234.14,0,50.06,0.02,0,0.06,2019-02-25 09:41:11.377,2019-02-25 09:41:11.187,0,0,1.102,192.168.0.106,
B4A8C8BE-6D23-4557-A395-96956F51EC46,QUD5Adc4f224c8780,0,0,0,-6,-5,-6,2019-02-25 09:36:10.080,2019-02-25 09:36:10.067,0,0,1.102,192.168.0.106,
F4E501A9-7226-4369-88F8-D8B4FE9392FA,QUD5Adc4f224c8780,231.58,0,50.02,0.01,0,0.02,2019-02-25 09:31:02.363,2019-02-25 09:31:02.347,0,0,1.102,192.168.0.106,
986A995A-67D2-4368-9B05-16CCD69EC2A0,QUD5Adc4f224c8780,232.62,0,49.99,0.01,0,0.02,2019-02-25 09:26:00.740,2019-02-25 09:26:00.730,0,0,1.102,192.168.0.106,
092E376E-51EA-4108-BC72-BE18822FDEBA,QUD5Adc4f224c8780,233.04,0,50.02,0.01,0,0.01,2019-02-25 09:20:59.083,2019-02-25 09:20:59.077,0,0,1.102,192.168.0.106,
5E617E70-70A4-46C6-9B9C-7D0DA1FA41D9,QUD5Adc4f224c8780,233.59,0,50,0.01,0,0.03,2019-02-25 09:15:57.530,2019-02-25 09:15:57.473,0,0,1.102,192.168.0.106,
4FC51DAB-435B-45C1-BD63-407A1A957055,QUD5Adc4f224c8780,234.12,0,49.99,0.01,0,0.03,2019-02-25 09:08:07.910,2019-02-25 09:08:07.907,0,0,1.102,192.168.0.106,
AB6A6CC3-9AC5-4713-88AE-53F33137972B,QUD5Adc4f224c8780,237.34,0,50.06,0.01,0,0.04,2019-02-25 09:03:07.687,2019-02-25 09:03:06.257,0,0,1.102,192.168.0.106,
EF7C82E8-1FBA-4796-B724-E1F23EF34C71,QUD5Adc4f224c8780,237.33,0,50.06,0.01,0,0.03,2019-02-25 08:58:04.680,2019-02-25 08:58:04.677,0,0,1.102,192.168.0.106,
6171D2BF-A373-4B3D-89B3-C88842F32C0C,QUD5Adc4f224c8780,235,0,49.98,0.01,0,0.01,2019-02-25 08:53:03.467,2019-02-25 08:53:03.043,0,0,1.102,192.168.0.106,
1901CEBD-D095-4F40-8C5F-3ADDDBD89F96,QUD5Adc4f224c8780,232.52,0,50.05,0.01,0,0.01,2019-02-25 08:48:02.123,2019-02-25 08:48:01.450,0,0,1.102,192.168.0.106,
962E627E-B587-4BC4-92CA-24497C4182BF,QUD5Adc4f224c8780,230.82,0,50.03,0.01,0,0.02,2019-02-25 08:42:59.850,2019-02-25 08:42:59.827,0,0,1.102,192.168.0.106,
21115534-2176-4806-8157-2352BBE8D0BF,QUD5Adc4f224c8780,235.5,0,50.05,0.01,0,0.02,2019-02-25 08:37:58.247,2019-02-25 08:37:58.223,0,0,1.102,192.168.0.106,
0CDB5225-F371-4CE1-8CAF-6DAE297E0036,QUD5Adc4f224c8780,234.47,0,49.97,0.01,0,0.02,2019-02-25 08:32:56.600,2019-02-25 08:32:56.590,0,0,1.102,192.168.0.106,
771C1A9F-8161-46D9-B20B-F42EC616031A,QUD5Adc4f224c8780,236.34,0,49.98,0.01,0,0.04,2019-02-25 08:27:55.077,2019-02-25 08:27:55.073,0,0,1.102,192.168.0.106,
5C6424E0-DBFB-41FB-8771-1715CD842F4A,QUD5Adc4f224c8780,237.72,0,49.95,0.01,0,0.02,2019-02-25 08:20:06.577,2019-02-25 08:20:06.570,0,0,1.102,192.168.0.106,
70ECE7E9-A3FE-4278-8FC5-1D2E450672B2,QUD5Adc4f224c8780,241.42,0,50.06,0.01,0,0.02,2019-02-25 08:15:05.410,2019-02-25 08:15:04.913,0,0,1.102,192.168.0.106,
C6103BD7-0F12-4982-9CD6-67B55AEA725C,QUD5Adc4f224c8780,238.22,0,49.93,0,0,0.01,2019-02-25 08:10:02.737,2019-02-25 08:10:02.660,0,0,1.102,192.168.0.106,
DB098769-0FD2-4B81-ACA7-C291724F2BE6,QUD5Adc4f224c8780,226.38,0,49.96,0,0,0,2019-02-25 08:05:01.383,2019-02-25 08:05:01.007,0,0,1.102,192.168.0.106,
3A90B4D2-D1CA-4D43-8E1A-3A08AFD350FC,QUD5Adc4f224c8780,225.79,0,50,0,0,0.01,2019-02-25 07:59:59.493,2019-02-25 07:59:59.377,0,0,1.102,192.168.0.106,
176966D3-5573-4EAC-A0AA-A145AE18A5DC,QUD5Adc4f224c8780,226.6,0,49.98,0.01,0,0.01,2019-02-25 07:54:58.213,2019-02-25 07:54:57.763,0,0,1.102,192.168.0.106,
7F009550-F620-4936-90C6-11559E3A28D0,QUD5Adc4f224c8780,224.66,0,50.01,0,0,0.01,2019-02-25 07:49:57.330,2019-02-25 07:49:56.107,0,0,1.102,192.168.0.106,
4ED6EFE5-3C94-4839-9515-91CF2D5A075D,QUD5Adc4f224c8780,226.99,0,49.96,0,0,0,2019-02-25 07:44:54.513,2019-02-25 07:44:54.490,0,0,1.102,192.168.0.106,
71E0B7B3-144E-4395-BFD3-DA4401CC1BE7,QUD5Adc4f224c8780,226.79,0,49.98,0.01,0,0.01,2019-02-25 07:39:52.860,2019-02-25 07:39:52.847,0,0,1.102,192.168.0.106,
15492514-880E-407C-8027-4EF5C3D5029F,QUD5Adc4f224c8780,0,0,0,-6,-5,-6,2019-02-25 07:34:52.353,2019-02-25 07:34:51.810,0,0,1.102,192.168.0.106,
5950E3EC-8C94-43E7-AD7B-E2A80E74530E,QUD5Adc4f224c8780,229.63,0,50.03,0.01,0,0.01,2019-02-25 07:29:29.347,2019-02-25 07:29:28.063,0,0,1.102,192.168.0.106,
82567DF3-C09E-48E9-B081-063AA649CA3D,QUD5Adc4f224c8780,230.08,0,49.99,0.01,0,0.01,2019-02-25 07:24:26.427,2019-02-25 07:24:26.413,0,0,1.102,192.168.0.106,
0364FD2E-3E63-46C6-84A1-D028C099B2A0,QUD5Adc4f224c8780,232.45,0,49.96,0,0,0.01,2019-02-25 07:19:24.797,2019-02-25 07:19:24.777,0,0,1.102,192.168.0.106,
4954D8D9-107C-4065-B10E-0556DEBF2013,QUD5Adc4f224c8780,231.12,0,49.89,0,0,0,2019-02-25 07:14:23.500,2019-02-25 07:14:23.120,0,0,1.102,192.168.0.106,
FDC1D051-7D4D-4D48-9F35-DA4DD66EA7DF,QUD5Adc4f224c8780,232.22,0,49.96,0.01,0,0.02,2019-02-25 07:09:22.873,2019-02-25 07:09:21.480,0,0,1.102,192.168.0.106,
A4BD91FE-B7F4-4DFA-80F6-3FAA54448DF7,QUD5Adc4f224c8780,235.63,0,50.13,0.01,0,0.01,2019-02-25 07:04:20.107,2019-02-25 07:04:19.803,0,0,1.102,192.168.0.106,
32EE0B4A-8D4D-4236-9993-BA40E1D26C82,QUD5Adc4f224c8780,226.07,0,50.04,0,0,0.01,2019-02-25 06:59:19.300,2019-02-25 06:59:18.203,0,0,1.102,192.168.0.106,
0DFDDF71-8583-4D0D-A0C7-26695C9E6781,QUD5Adc4f224c8780,227.13,0,49.94,0.01,0,0.01,2019-02-25 06:54:17.457,2019-02-25 06:54:16.570,0,0,1.102,192.168.0.106,
4408D12A-94EB-491D-9BB6-1376F409D277,QUD5Adc4f224c8780,227.72,0,49.95,0,0,0,2019-02-25 06:46:28.760,2019-02-25 06:46:28.743,0,0,1.102,192.168.0.106,
40B36DA5-970D-4938-9FBE-48E75C2219E1,QUD5Adc4f224c8780,229.43,0,49.98,0,0,0,2019-02-25 06:41:27.147,2019-02-25 06:41:27.137,0,0,1.102,192.168.0.106,
3024B052-097B-4454-92C4-5B5B8F342688,QUD5Adc4f224c8780,233.1,0,50,0,0,0,2019-02-25 06:36:26.013,2019-02-25 06:36:25.480,0,0,1.102,192.168.0.106,
A138CBC7-A31B-4180-8B15-18278FD95017,QUD5Adc4f224c8780,234.99,0,49.91,0,0,0,2019-02-25 06:31:23.233,2019-02-25 06:31:23.223,0,0,1.102,192.168.0.106,
333D8809-B368-4DCA-90E5-833E13CBF92B,QUD5Adc4f224c8780,234.68,0,49.87,0,0,0.01,2019-02-25 06:26:21.593,2019-02-25 06:26:21.587,0,0,1.102,192.168.0.106,
09F3A5B8-4D32-4C5E-9C1C-0ED073256BBA,QUD5Adc4f224c8780,235.78,0,49.98,0.01,0,0.01,2019-02-25 06:21:20.787,2019-02-25 06:21:19.970,0,0,1.102,192.168.0.106,
2B08A835-C19C-4680-8D2B-FA3588E7447B,QUD5Adc4f224c8780,235.21,0,50.07,0.01,0,0.01,2019-02-25 06:16:18.413,2019-02-25 06:16:17.750,0,0,1.102,192.168.0.106,
21185047-91E9-4A1E-BE75-9C810069D7C9,QUD5Adc4f224c8780,233.08,0,49.96,0.01,0,0.01,2019-02-25 06:11:16.427,2019-02-25 06:11:16.127,0,0,1.102,192.168.0.106,
02580703-8276-4006-8E02-5B34946E4E96,QUD5Adc4f224c8780,233.52,0,50.11,0.01,0,0.02,2019-02-25 06:06:15.250,2019-02-25 06:06:14.517,0,0,1.102,192.168.0.106,
6615BCC9-D210-4F6E-B77C-2FE5C69F1F9C,QUD5Adc4f224c8780,0,0,0,-6,-5,-6,2019-02-25 06:01:14.387,2019-02-25 06:01:13.373,0,0,1.102,192.168.0.106,
1258DFBC-F4B7-437D-8184-E8FADEE8A6A0,QUD5Adc4f224c8780,234.01,0,49.88,0,0,0,2019-02-25 05:58:09.383,2019-02-25 05:58:09.340,0,0,1.102,192.168.0.106,
546ACE53-C0B9-4E7B-B704-D5952DC6F575,QUD5Adc4f224c8780,232.66,0,49.96,0,0,0.01,2019-02-25 05:53:08.090,2019-02-25 05:53:07.730,0,0,1.102,192.168.0.106,
903D54A4-A1CE-427E-8A77-C728B79A2C68,QUD5Adc4f224c8780,234.05,0,50.02,0.01,0,0.01,2019-02-25 05:48:06.777,2019-02-25 05:48:06.107,0,0,1.102,192.168.0.106,
35B8D40F-D0F2-4F9B-B588-732381DF5258,QUD5Adc4f224c8780,233.47,0,50,0.01,0,0.01,2019-02-25 05:43:04.740,2019-02-25 05:43:04.467,0,0,1.102,192.168.0.106,
D128504B-EBF6-405A-A36A-EDD8C35A4087,QUD5Adc4f224c8780,232.56,0,49.99,0,0,0.01,2019-02-25 05:38:02.813,2019-02-25 05:38:02.787,0,0,1.102,192.168.0.106,
B234E96B-0F2C-462F-8878-5F7E5520C318,QUD5Adc4f224c8780,235.51,0,50,0,0,0,2019-02-25 05:33:02.600,2019-02-25 05:33:01.180,0,0,1.102,192.168.0.106,
EA3C6702-6F33-4B41-892D-F62292EBF493,QUD5Adc4f224c8780,235.87,0,50,0.01,0,0.01,2019-02-25 05:27:59.813,2019-02-25 05:27:59.557,0,0,1.102,192.168.0.106,
16580856-03C0-4D75-808E-C195C9FC9803,QUD5Adc4f224c8780,236.06,0,50.09,0.01,0,0.02,2019-02-25 05:22:57.957,2019-02-25 05:22:57.947,0,0,1.102,192.168.0.106,
84322591-497C-4C76-87C3-F73919E23786,QUD5Adc4f224c8780,237.17,0,50.11,0.01,0,0.01,2019-02-25 05:17:56.630,2019-02-25 05:17:56.380,0,0,1.102,192.168.0.106,
36420B6A-3D48-4D7D-A648-2BC38B2ED8F8,QUD5Adc4f224c8780,236.96,0,49.97,0.01,0,0.01,2019-02-25 05:10:07.240,2019-02-25 05:10:06.337,0,0,1.102,192.168.0.106,
B92D6787-D2D2-41EA-B030-52FF436278AA,QUD5Adc4f224c8780,238.86,0,50.01,0.01,0,0.02,2019-02-25 05:05:05.183,2019-02-25 05:05:04.677,0,0,1.102,192.168.0.106,
33D1916E-FC72-429C-9A60-F7D0A373393E,QUD5Adc4f224c8780,239.18,0,50.14,0.02,0,0.03,2019-02-25 05:00:04.060,2019-02-25 05:00:03.047,0,0,1.102,192.168.0.106,
345135D0-E32B-45D2-8472-62B620F91A91,QUD5Adc4f224c8780,239.8,0,50.09,0.01,0,0.02,2019-02-25 04:55:01.447,2019-02-25 04:55:01.427,0,0,1.102,192.168.0.106,
EF1028AA-CECE-465C-8D84-D9E3588381FF,QUD5Adc4f224c8780,239.25,0,50.12,0.01,0,0.02,2019-02-25 04:49:59.833,2019-02-25 04:49:59.807,0,0,1.102,192.168.0.106,
D1425680-26C0-4D86-A9B2-FB020A01C55E,QUD5Adc4f224c8780,238.48,0,50.02,0.01,0,0.01,2019-02-25 04:44:59.047,2019-02-25 04:44:58.160,0,0,1.102,192.168.0.106,
DCC29249-5E8A-4A62-B8B4-6ED8BDF40411,QUD5Adc4f224c8780,237.02,0,50.07,0.03,0,0.05,2019-02-25 04:39:57.547,2019-02-25 04:39:56.550,0,0,1.102,192.168.0.106,
9BBDE2A7-60B5-43FE-8E98-3919203D847E,QUD5Adc4f224c8780,239.66,0,50.06,0.02,0,0.03,2019-02-25 04:34:55.653,2019-02-25 04:34:54.917,0,0,1.102,192.168.0.106,
E613C221-3613-476B-9B7F-8209384C7CF2,QUD5Adc4f224c8780,237.69,0,50.03,0.02,0,0.03,2019-02-25 04:29:53.470,2019-02-25 04:29:53.310,0,0,1.102,192.168.0.106,
3003E797-8820-440C-B68F-0E54600B0B54,QUD5Adc4f224c8780,239.84,0,50.1,0.01,0,0.01,2019-02-25 04:22:04.270,2019-02-25 04:22:03.120,0,0,1.102,192.168.0.106,
ACC97FEE-DDC3-49CA-AF67-74180845D27F,QUD5Adc4f224c8780,239.44,0,50.06,0.01,0,0.01,2019-02-25 04:17:01.523,2019-02-25 04:17:01.497,0,0,1.102,192.168.0.106,
352A136E-74E1-4C96-B184-6511E7B53ECB,QUD5Adc4f224c8780,239.12,0,49.94,0.01,0,0.01,2019-02-25 04:11:59.873,2019-02-25 04:11:59.853,0,0,1.102,192.168.0.106,
E2CBC177-F10F-481D-8E82-FA31996093BA,QUD5Adc4f224c8780,238.95,0,50.01,0.01,0,0.01,2019-02-25 04:06:59.010,2019-02-25 04:06:58.207,0,0,1.102,192.168.0.106,
EEE1BD63-0DCB-4890-B8A0-DA04DD5E9B21,QUD5Adc4f224c8780,240.12,0,50.09,0.01,0,0.02,2019-02-25 04:01:56.590,2019-02-25 04:01:56.577,0,0,1.102,192.168.0.106,
ED56C138-6588-4D95-91B1-E36F39FDB625,QUD5Adc4f224c8780,240.6,0,50.01,0,0,0.01,2019-02-25 03:56:55.027,2019-02-25 03:56:54.923,0,0,1.102,192.168.0.106,
351135C4-864C-461A-9302-BBDF5BD45E23,QUD5Adc4f224c8780,240,0,49.94,0,0,0.01,2019-02-25 03:51:54.537,2019-02-25 03:51:53.267,0,0,1.102,192.168.0.106,
8C4B9A40-3B61-432D-9FD2-795A96407298,QUD5Adc4f224c8780,240.01,0,49.92,0.01,0,0.01,2019-02-25 03:46:52.957,2019-02-25 03:46:51.613,0,0,1.102,192.168.0.106,
C3C3A887-08AC-4246-878F-4B3E62EA6A6A,QUD5Adc4f224c8780,240.89,0,49.98,0.01,0,0.02,2019-02-25 03:41:50.023,2019-02-25 03:41:50.000,0,0,1.102,192.168.0.106,
2E20AB9C-7118-4E86-8EBF-3C96C8DC3E7C,QUD5Adc4f224c8780,241.07,0,49.96,0.01,0,0.01,2019-02-25 03:34:00.393,2019-02-25 03:33:59.913,0,0,1.102,192.168.0.106,
00DD0822-C76A-4D4C-96B2-A164D3BFD990,QUD5Adc4f224c8780,240.31,0,50.01,0.01,0,0.01,2019-02-25 03:28:58.510,2019-02-25 03:28:58.297,0,0,1.102,192.168.0.106,
BB95F748-84D9-4622-91E3-E772B34F9F79,QUD5Adc4f224c8780,240.19,0,50.04,0.01,0,0.01,2019-02-25 03:23:56.700,2019-02-25 03:23:56.687,0,0,1.102,192.168.0.106,
FA74EF11-E7AA-4D4B-B2EF-31BF5535D7C7,QUD5Adc4f224c8780,240.04,0,50,0.01,0,0.01,2019-02-25 03:18:55.083,2019-02-25 03:18:55.057,0,0,1.102,192.168.0.106,
93C28921-8776-48FF-A6BE-9F1729687F05,QUD5Adc4f224c8780,240.38,0,49.98,0.01,0,0.01,2019-02-25 03:13:53.480,2019-02-25 03:13:53.457,0,0,1.102,192.168.0.106,
5E7E334A-2270-4D18-A8A3-63F6D33EDEF1,QUD5Adc4f224c8780,239.83,0,49.98,0,0,0.01,2019-02-25 03:08:52.247,2019-02-25 03:08:51.803,0,0,1.102,192.168.0.106,
E36AB6EC-8D07-45BB-9A53-80E7BF06FEAB,QUD5Adc4f224c8780,240.76,0,49.99,0.01,0,0.02,2019-02-25 03:03:51.233,2019-02-25 03:03:50.197,0,0,1.102,192.168.0.106,
A39221C5-8984-4079-9C0C-09D3A00DB552,QUD5Adc4f224c8780,241.89,0,50.08,0.01,0,0.01,2019-02-25 02:58:48.877,2019-02-25 02:58:48.550,0,0,1.102,192.168.0.106,
B10B6912-A0F2-41CD-B3C4-9A4F9E257847,QUD5Adc4f224c8780,239.3,0,50.02,0.02,0,0.03,2019-02-25 02:53:47.133,2019-02-25 02:53:46.930,0,0,1.102,192.168.0.106,
0BCCFF14-4190-4F4F-AE25-AB70A40AF44E,QUD5Adc4f224c8780,240.14,0,49.99,0.01,0,0.01,2019-02-25 02:45:58.420,2019-02-25 02:45:57.767,0,0,1.102,192.168.0.106,
372415A2-7D8F-4538-8362-9CAC2E469E2F,QUD5Adc4f224c8780,240.79,0,49.97,0.01,0,0.01,2019-02-25 02:40:57.330,2019-02-25 02:40:56.147,0,0,1.102,192.168.0.106,
4C7DBF8B-C843-4D09-AA28-119A80644337,QUD5Adc4f224c8780,241.21,0,49.99,0.01,0,0.01,2019-02-25 02:35:55.473,2019-02-25 02:35:54.513,0,0,1.102,192.168.0.106,
5B0155B1-EE34-406D-AE1E-F165D03F6790,QUD5Adc4f224c8780,241.15,0,50.04,0.01,0,0.02,2019-02-25 02:30:54.310,2019-02-25 02:30:52.850,0,0,1.102,192.168.0.106,
674E214D-6245-42E6-9E3E-5550E1AABA19,QUD5Adc4f224c8780,240.91,0,50.07,0.01,0,0.02,2019-02-25 02:25:51.250,2019-02-25 02:25:51.227,0,0,1.102,192.168.0.106,
17FF60D5-E55D-4203-B1B3-2468045AA12D,QUD5Adc4f224c8780,240.66,0,50.04,0.01,0,0.01,2019-02-25 02:20:49.763,2019-02-25 02:20:49.593,0,0,1.102,192.168.0.106,
AD810F95-2D82-4355-ABC6-9B7759A13816,QUD5Adc4f224c8780,241.23,0,49.98,0.01,0,0.02,2019-02-25 02:15:47.960,2019-02-25 02:15:47.927,0,0,1.102,192.168.0.106,
F6C9709F-0CDD-4BAF-897E-43946E0A7204,QUD5Adc4f224c8780,240.17,0,50,0.01,0,0.02,2019-02-25 02:10:46.420,2019-02-25 02:10:46.297,0,0,1.102,192.168.0.106,
1393C6AD-9CE6-49AF-B978-558C14289999,QUD5Adc4f224c8780,242.11,0,50.07,0.04,0,0.08,2019-02-25 02:05:46.087,2019-02-25 02:05:44.667,0,0,1.102,192.168.0.106,
83659DBA-ED4D-41C2-883A-5A5118C5905E,QUD5Adc4f224c8780,242.59,0,50.09,0.01,0,0.02,2019-02-25 01:57:54.867,2019-02-25 01:57:54.840,0,0,1.102,192.168.0.106,
D325335D-8559-42BE-B12E-CB99A9A4F969,QUD5Adc4f224c8780,241.25,0,50.05,0.01,0,0.02,2019-02-25 01:52:53.770,2019-02-25 01:52:53.167,0,0,1.102,192.168.0.106,
DDBEA5B9-E293-4FED-AF5E-E164CBCA0F46,QUD5Adc4f224c8780,241.13,0,50.05,0.01,0,0.02,2019-02-25 01:47:51.510,2019-02-25 01:47:51.510,0,0,1.102,192.168.0.106,
11DAB857-C329-41F9-8985-4EC656CB8F4F,QUD5Adc4f224c8780,239.86,0,50.03,0.01,0,0.02,2019-02-25 01:42:49.833,2019-02-25 01:42:49.817,0,0,1.102,192.168.0.106,
8A11BDAA-00B0-4841-AB92-3DE9ECDD1349,QUD5Adc4f224c8780,240.72,0,50.08,0.01,0,0.02,2019-02-25 01:37:48.430,2019-02-25 01:37:48.197,0,0,1.102,192.168.0.106,
6738E64B-EEC7-4C0B-8B6D-FBAE85ED5DFA,QUD5Adc4f224c8780,241.53,0,50.06,0.01,0,0.01,2019-02-25 01:32:47.590,2019-02-25 01:32:46.530,0,0,1.102,192.168.0.106,
A6816BD7-0F4C-4D40-80BB-41CD1396B659,QUD5Adc4f224c8780,241.36,0,50.08,0.01,0,0.02,2019-02-25 01:27:45.037,2019-02-25 01:27:44.893,0,0,1.102,192.168.0.106,
3AC863C9-5A88-41D4-A5C5-183383533AAC,QUD5Adc4f224c8780,240.05,0,50.03,0.01,0,0.01,2019-02-25 01:22:44.173,2019-02-25 01:22:43.270,0,0,1.102,192.168.0.106,
F05417ED-71AF-401D-9439-76C942C0B547,QUD5Adc4f224c8780,240.68,0,50,0.01,0,0.02,2019-02-25 01:17:41.847,2019-02-25 01:17:41.610,0,0,1.102,192.168.0.106,
162A91FC-2251-444B-886B-8B3AB4036D57,QUD5Adc4f224c8780,239.7,0,49.96,0,0,0.01,2019-02-25 01:09:53.123,2019-02-25 01:09:52.283,0,0,1.102,192.168.0.106,
B009CB05-09EE-4101-8C35-45E7272C7C13,QUD5Adc4f224c8780,240.5,0,49.99,0.01,0,0.01,2019-02-25 01:04:51.993,2019-02-25 01:04:50.653,0,0,1.102,192.168.0.106,
3CDCA7B7-C98E-4533-9374-E911AA8ED80C,QUD5Adc4f224c8780,241.32,0,49.97,0.01,0,0.01,2019-02-25 00:59:49.067,2019-02-25 00:59:49.047,0,0,1.102,192.168.0.106,
41061B01-325D-4B44-883D-C9BD0BC7D15B,QUD5Adc4f224c8780,241.43,0,50,0.01,0,0.02,2019-02-25 00:54:47.407,2019-02-25 00:54:47.377,0,0,1.102,192.168.0.106,
80605A2E-E0F0-405B-94C1-5E04B37BB5F3,QUD5Adc4f224c8780,242.79,0,50.05,0.01,0,0.01,2019-02-25 00:49:45.790,2019-02-25 00:49:45.737,0,0,1.102,192.168.0.106,
33D956DC-3D97-433C-9E24-D19CE763A2E9,QUD5Adc4f224c8780,242.97,0,49.96,0,0,0.01,2019-02-25 00:44:44.143,2019-02-25 00:44:44.120,0,0,1.102,192.168.0.106,
2473469C-57E7-4D2B-8BF7-48C3C746E133,QUD5Adc4f224c8780,241.14,0,49.94,0,0,0.01,2019-02-25 00:39:42.543,2019-02-25 00:39:42.500,0,0,1.102,192.168.0.106,
3FD0ED06-53A8-4F99-A3C4-0639C760F43D,QUD5Adc4f224c8780,241.54,0,49.98,0.01,0,0.01,2019-02-25 00:34:41.997,2019-02-25 00:34:40.887,0,0,1.102,192.168.0.106,
2ED01C89-6C93-424D-9B57-337825F23AAD,QUD5Adc4f224c8780,240.91,0,50.06,0.01,0,0.02,2019-02-25 00:29:39.723,2019-02-25 00:29:39.257,0,0,1.102,192.168.0.106,
38E48005-F890-4005-ACEB-191D37F38536,QUD5Adc4f224c8780,239.22,0,50,0.01,0,0.01,2019-02-25 00:21:50.387,2019-02-25 00:21:50.153,0,0,1.102,192.168.0.106,
EC926C82-F8DD-4293-B2E3-7D8E5919EA46,QUD5Adc4f224c8780,239.2,0,49.98,0,0,0.01,2019-02-25 00:16:48.890,2019-02-25 00:16:48.443,0,0,1.102,192.168.0.106,
613F2796-70D1-43DF-9B2C-63DAD8290375,QUD5Adc4f224c8780,240.29,0,50.02,0,0,0.01,2019-02-25 00:11:46.853,2019-02-25 00:11:46.843,0,0,1.102,192.168.0.106,
3DBCF343-0550-48CE-A91B-6F9AB95676D8,QUD5Adc4f224c8780,239.64,0,49.86,0.01,0,0.01,2019-02-25 00:06:45.433,2019-02-25 00:06:45.207,0,0,1.102,192.168.0.106,
512EBD5A-9ED0-43FA-A7E7-BF7A2EAEA93D,QUD5Adc4f224c8780,240.72,0,50.06,0.01,0,0.03,2019-02-25 00:01:43.890,2019-02-25 00:01:43.573,0,0,1.102,192.168.0.106,
